{
	 "rootnode": {
		 "name": "camera.obj"
		,"transformation": [
			 1
			,0
			,0
			,0
			,0
			,1
			,0
			,0
			,0
			,0
			,1
			,0
			,0
			,0
			,0
			,1
		]
		,"children": [
			{
				 "name": "camera"
				,"transformation": [
					 1
					,0
					,0
					,0
					,0
					,1
					,0
					,0
					,0
					,0
					,1
					,0
					,0
					,0
					,0
					,1
				]
			}
			,{
				 "name": "camera"
				,"transformation": [
					 1
					,0
					,0
					,0
					,0
					,1
					,0
					,0
					,0
					,0
					,1
					,0
					,0
					,0
					,0
					,1
				]
				,"meshes": [
					 0
				]
			}
		]
	}
	,"flags": 8
	,"meshes": [
		{
			 "name": ""
			,"materialindex": 1
			,"primitivetypes": 4
			,"vertices": [
				0,0,0,
				0,0,0,
				0,0,0,
				0,0,0,
				2,2,2,
				2,2,2,
				2,2,2,
				2,2,-2,
				2,2,-2,
				2,2,-2,
				2,-2,-2,
				2,-2,-2,
				2,-2,-2,
				2,-2,2,
				2,-2,2,
				2,-2,2
		]
			,"normals": [
				-1,0,1,
				-1,1,0,
				-1,0,-1,
				-1,-1,0,
				-1,0,1,
				-1,1,0,
				-1,0,0,
				-1,1,0,
				-1,0,-1,
				-1,0,0,
				-1,0,-1,
				-1,-1,0,
				-1,0,0,
				-1,-1,0,
				-1,0,1,
				-1,0,0
			]
			,"tangents": [
				-1,0,-1,
				-1,-1,0,
				-1,0,1,
				-1,1,0,
				-1,0,-1,
				-1,-1,0,
				0,-1,0,
				-1,-1,0,
				-1,0,1,
				0,-1,0,
				-1,0,1,
				-1,1,0,
				0,-1,0,
				-1,1,0,
				-1,0,-1,
				0,-1,0
		]
			,"bitangents": [
				0,1,0,
				0,0,1,
				0,1,0,
				0,0,1,
				0,1,0,
				0,0,1,
				0,0,-1,
				0,0,1,
				0,1,0,
				0,0,-1,
				0,1,0,
				0,0,1,
				0,0,-1,
				0,0,1,
				0,1,0,
				0,0,-1
		]
			,"numuvcomponents": [
				 2
			]
			,"texturecoords": [
				[
					 0
					,0
					,1
					,0
					,0
					,1
					,1
					,1
					,0
					,0
					,1
					,0
					,0
					,1
					,1
					,1
					,1
					,1
					,0
					,1
					,1
					,0
					,0
					,0
					,0
					,0
					,1
					,0
					,0
					,1
					,1
					,1
					,0
					,0
					,1
					,0
					,0
					,1
					,1
					,1
					,0
					,0
					,1
					,0
					,0
					,1
					,1
					,1
				]
			]
			,"faces": [
				[
					0, 4, 13
				]
				,[
					1, 5, 7
				]
				,[
					2, 8, 10
				]
				,[
					3, 11, 14
				]
				,[
					6, 9, 12
				]
				,[
					6, 12, 15
				],

				[
					0, 13, 4
				]
				,[
					1, 7, 5
				]
				,[
					2, 10, 8
				]
				,[
					3, 14, 11
				]
				,[
					6, 12, 9
				]
				,[
					6, 15, 12
				]
			]
		}
	]
}
